id_order,customer_id_customer,address_id_addressdeparture,address_id_addressdelivery,driver_id_driver,vehicle_vehiclenumber,orderstatus_nameorderstatus,paymentmethod_namepaymentmethod,cargotype_namecargotype,cargoweightorder,activeloaderflag,datecreateorder
0,13,854,703,1,Ь719ва198,Confirmed,Card,Pallets,717,0,2024-03-16 08:14:33.376255,
1,73,564,323,1,Ь719ва198,Confirmed,Card,Pallets,121,0,2024-03-16 08:14:33.376255,
2,26,649,750,1,Ь719ва198,Confirmed,Card,Pallets,951,0,2024-03-16 08:14:33.376255,
3,38,465,472,1,Ь719ва198,Confirmed,Card,Pallets,1090,0,2024-03-16 08:14:33.376255,
4,91,350,775,1,Ь719ва198,Confirmed,Card,Pallets,1019,0,2024-03-16 08:14:33.376255,
5,53,736,777,1,Ь719ва198,Confirmed,Card,Pallets,980,0,2024-03-16 08:14:33.376255,
6,17,97,254,1,Ь719ва198,Confirmed,Card,Pallets,72,0,2024-03-16 08:14:33.376255,
7,53,967,433,1,Ь719ва198,Confirmed,Card,Pallets,515,0,2024-03-16 08:14:33.376255,
8,7,902,138,1,Ь719ва198,Confirmed,Card,Pallets,993,0,2024-03-16 08:14:33.376255,
9,99,163,447,1,Ь719ва198,Confirmed,Card,Pallets,1127,0,2024-03-16 08:14:33.376255,
10,72,46,729,1,Ь719ва198,Confirmed,Card,Pallets,564,0,2024-03-16 08:14:33.376255,
11,22,832,50,1,Ь719ва198,Confirmed,Card,Pallets,672,0,2024-03-16 08:14:33.376255,
12,68,855,382,1,Ь719ва198,Confirmed,Card,Pallets,188,0,2024-03-16 08:14:33.376255,
13,33,784,22,1,Ь719ва198,Confirmed,Card,Pallets,1308,0,2024-03-16 08:14:33.376255,
14,59,710,457,1,Ь719ва198,Confirmed,Card,Pallets,1353,0,2024-03-16 08:14:33.376255,
15,72,239,51,1,Ь719ва198,Confirmed,Card,Pallets,911,0,2024-03-16 08:14:33.376255,
16,37,678,415,1,Ь719ва198,Confirmed,Card,Pallets,1423,0,2024-03-16 08:14:33.376255,
17,100,74,955,1,Ь719ва198,Confirmed,Card,Pallets,387,0,2024-03-16 08:14:33.376255,
18,16,665,917,1,Ь719ва198,Confirmed,Card,Pallets,809,0,2024-03-16 08:14:33.376255,
19,33,679,327,1,Ь719ва198,Confirmed,Card,Pallets,1209,0,2024-03-16 08:14:33.376255,
20,62,972,492,1,Ь719ва198,Confirmed,Card,Pallets,655,0,2024-03-16 08:14:33.376255,
21,55,827,793,1,Ь719ва198,Confirmed,Card,Pallets,239,0,2024-03-16 08:14:33.376255,
22,55,482,964,1,Ь719ва198,Confirmed,Card,Pallets,459,0,2024-03-16 08:14:33.376255,
23,67,69,835,1,Ь719ва198,Confirmed,Card,Pallets,1164,0,2024-03-16 08:14:33.376255,
24,20,555,542,1,Ь719ва198,Confirmed,Card,Pallets,1217,0,2024-03-16 08:14:33.376255,
25,3,174,496,1,Ь719ва198,Confirmed,Card,Pallets,300,0,2024-03-16 08:14:33.376255,
26,59,300,680,1,Ь719ва198,Confirmed,Card,Pallets,900,0,2024-03-16 08:14:33.376255,
27,3,657,866,1,Ь719ва198,Confirmed,Card,Pallets,22,0,2024-03-16 08:14:33.376255,
28,24,720,605,1,Ь719ва198,Confirmed,Card,Pallets,757,0,2024-03-16 08:14:33.376255,
29,91,25,984,1,Ь719ва198,Confirmed,Card,Pallets,500,0,2024-03-16 08:14:33.376255,
30,88,418,345,1,Ь719ва198,Confirmed,Card,Pallets,1079,0,2024-03-16 08:14:33.376255,
31,42,94,44,1,Ь719ва198,Confirmed,Card,Pallets,1101,0,2024-03-16 08:14:33.376255,
32,66,179,671,1,Ь719ва198,Confirmed,Card,Pallets,16,0,2024-03-16 08:14:33.376255,
33,98,565,667,1,Ь719ва198,Confirmed,Card,Pallets,348,0,2024-03-16 08:14:33.376255,
34,97,310,981,1,Ь719ва198,Confirmed,Card,Pallets,968,0,2024-03-16 08:14:33.376255,
35,10,335,225,1,Ь719ва198,Confirmed,Card,Pallets,222,0,2024-03-16 08:14:33.376255,
36,79,702,515,1,Ь719ва198,Confirmed,Card,Pallets,1030,0,2024-03-16 08:14:33.376255,
37,92,240,770,1,Ь719ва198,Confirmed,Card,Pallets,843,0,2024-03-16 08:14:33.376255,
38,40,662,726,1,Ь719ва198,Confirmed,Card,Pallets,1213,0,2024-03-16 08:14:33.376255,
39,75,226,439,1,Ь719ва198,Confirmed,Card,Pallets,397,0,2024-03-16 08:14:33.376255,
40,21,865,541,1,Ь719ва198,Confirmed,Card,Pallets,1029,0,2024-03-16 08:14:33.376255,
41,81,931,21,1,Ь719ва198,Confirmed,Card,Pallets,456,0,2024-03-16 08:14:33.376255,
42,100,238,817,1,Ь719ва198,Confirmed,Card,Pallets,178,0,2024-03-16 08:14:33.376255,
43,69,969,280,1,Ь719ва198,Confirmed,Card,Pallets,440,0,2024-03-16 08:14:33.376255,
44,8,483,216,1,Ь719ва198,Confirmed,Card,Pallets,289,0,2024-03-16 08:14:33.376255,
45,17,608,142,1,Ь719ва198,Confirmed,Card,Pallets,1359,0,2024-03-16 08:14:33.376255,
46,9,878,89,1,Ь719ва198,Confirmed,Card,Pallets,246,0,2024-03-16 08:14:33.376255,
47,92,5,580,1,Ь719ва198,Confirmed,Card,Pallets,1480,0,2024-03-16 08:14:33.376255,
48,62,135,16,1,Ь719ва198,Confirmed,Card,Pallets,370,0,2024-03-16 08:14:33.376255,
49,78,405,224,1,Ь719ва198,Confirmed,Card,Pallets,827,0,2024-03-16 08:14:33.376255,
50,60,911,888,1,Ь719ва198,Confirmed,Card,Pallets,1100,0,2024-03-16 08:14:33.377252,
51,93,722,401,1,Ь719ва198,Confirmed,Card,Pallets,11,0,2024-03-16 08:14:33.377252,
52,91,876,642,1,Ь719ва198,Confirmed,Card,Pallets,1477,0,2024-03-16 08:14:33.377252,
53,58,601,59,1,Ь719ва198,Confirmed,Card,Pallets,1248,0,2024-03-16 08:14:33.377252,
54,52,290,11,1,Ь719ва198,Confirmed,Card,Pallets,297,0,2024-03-16 08:14:33.377252,
55,96,128,862,1,Ь719ва198,Confirmed,Card,Pallets,497,0,2024-03-16 08:14:33.377252,
56,77,33,196,1,Ь719ва198,Confirmed,Card,Pallets,667,0,2024-03-16 08:14:33.377252,
57,8,705,557,1,Ь719ва198,Confirmed,Card,Pallets,1301,0,2024-03-16 08:14:33.377252,
58,79,357,463,1,Ь719ва198,Confirmed,Card,Pallets,1248,0,2024-03-16 08:14:33.377252,
59,64,785,147,1,Ь719ва198,Confirmed,Card,Pallets,1005,0,2024-03-16 08:14:33.377252,
60,37,167,219,1,Ь719ва198,Confirmed,Card,Pallets,653,0,2024-03-16 08:14:33.377252,
61,97,961,867,1,Ь719ва198,Confirmed,Card,Pallets,1216,0,2024-03-16 08:14:33.377252,
62,15,425,148,1,Ь719ва198,Confirmed,Card,Pallets,747,0,2024-03-16 08:14:33.377252,
63,43,2,915,1,Ь719ва198,Confirmed,Card,Pallets,1495,0,2024-03-16 08:14:33.377252,
64,93,449,554,1,Ь719ва198,Confirmed,Card,Pallets,95,0,2024-03-16 08:14:33.377252,
65,98,398,391,1,Ь719ва198,Confirmed,Card,Pallets,118,0,2024-03-16 08:14:33.377252,
66,57,566,242,1,Ь719ва198,Confirmed,Card,Pallets,1254,0,2024-03-16 08:14:33.377252,
67,5,475,103,1,Ь719ва198,Confirmed,Card,Pallets,1425,0,2024-03-16 08:14:33.377252,
68,21,503,574,1,Ь719ва198,Confirmed,Card,Pallets,226,0,2024-03-16 08:14:33.377252,
69,77,927,313,1,Ь719ва198,Confirmed,Card,Pallets,971,0,2024-03-16 08:14:33.377252,
70,23,909,811,1,Ь719ва198,Confirmed,Card,Pallets,637,0,2024-03-16 08:14:33.377252,
71,51,952,286,1,Ь719ва198,Confirmed,Card,Pallets,962,0,2024-03-16 08:14:33.377252,
72,4,510,467,1,Ь719ва198,Confirmed,Card,Pallets,608,0,2024-03-16 08:14:33.377252,
73,90,635,901,1,Ь719ва198,Confirmed,Card,Pallets,889,0,2024-03-16 08:14:33.377252,
74,69,844,572,1,Ь719ва198,Confirmed,Card,Pallets,1276,0,2024-03-16 08:14:33.377252,
75,83,880,111,1,Ь719ва198,Confirmed,Card,Pallets,1484,0,2024-03-16 08:14:33.377252,
76,79,986,863,1,Ь719ва198,Confirmed,Card,Pallets,197,0,2024-03-16 08:14:33.377252,
77,67,171,411,1,Ь719ва198,Confirmed,Card,Pallets,295,0,2024-03-16 08:14:33.377252,
78,86,146,182,1,Ь719ва198,Confirmed,Card,Pallets,401,0,2024-03-16 08:14:33.377252,
79,9,733,582,1,Ь719ва198,Confirmed,Card,Pallets,264,0,2024-03-16 08:14:33.377252,
80,91,533,699,1,Ь719ва198,Confirmed,Card,Pallets,5,0,2024-03-16 08:14:33.377252,
81,25,786,32,1,Ь719ва198,Confirmed,Card,Pallets,843,0,2024-03-16 08:14:33.377252,
82,27,859,28,1,Ь719ва198,Confirmed,Card,Pallets,664,0,2024-03-16 08:14:33.377252,
83,39,764,797,1,Ь719ва198,Confirmed,Card,Pallets,315,0,2024-03-16 08:14:33.377252,
84,95,109,374,1,Ь719ва198,Confirmed,Card,Pallets,667,0,2024-03-16 08:14:33.377252,
85,18,943,505,1,Ь719ва198,Confirmed,Card,Pallets,875,0,2024-03-16 08:14:33.377252,
86,87,325,289,1,Ь719ва198,Confirmed,Card,Pallets,1223,0,2024-03-16 08:14:33.377252,
87,84,537,683,1,Ь719ва198,Confirmed,Card,Pallets,1132,0,2024-03-16 08:14:33.377252,
88,53,297,124,1,Ь719ва198,Confirmed,Card,Pallets,1373,0,2024-03-16 08:14:33.377252,
89,12,193,831,1,Ь719ва198,Confirmed,Card,Pallets,899,0,2024-03-16 08:14:33.377252,
90,79,130,851,1,Ь719ва198,Confirmed,Card,Pallets,152,0,2024-03-16 08:14:33.377252,
91,92,464,470,1,Ь719ва198,Confirmed,Card,Pallets,135,0,2024-03-16 08:14:33.377252,
92,82,644,587,1,Ь719ва198,Confirmed,Card,Pallets,1471,0,2024-03-16 08:14:33.377252,
93,100,645,562,1,Ь719ва198,Confirmed,Card,Pallets,75,0,2024-03-16 08:14:33.377252,
94,76,816,384,1,Ь719ва198,Confirmed,Card,Pallets,1497,0,2024-03-16 08:14:33.377252,
95,45,489,552,1,Ь719ва198,Confirmed,Card,Pallets,777,0,2024-03-16 08:14:33.377252,
96,44,113,353,1,Ь719ва198,Confirmed,Card,Pallets,265,0,2024-03-16 08:14:33.377252,
97,51,7,136,1,Ь719ва198,Confirmed,Card,Pallets,1214,0,2024-03-16 08:14:33.377252,
98,82,422,253,1,Ь719ва198,Confirmed,Card,Pallets,174,0,2024-03-16 08:14:33.377252,
99,44,925,173,1,Ь719ва198,Confirmed,Card,Pallets,309,0,2024-03-16 08:14:33.377252,
100,21,938,231,1,Ь719ва198,Confirmed,Card,Pallets,260,0,2024-03-16 08:14:33.377252,
101,29,706,723,1,Ь719ва198,Confirmed,Card,Pallets,829,0,2024-03-16 08:14:33.377252,
102,65,358,98,1,Ь719ва198,Confirmed,Card,Pallets,1383,0,2024-03-16 08:14:33.377252,
103,47,270,369,1,Ь719ва198,Confirmed,Card,Pallets,1039,0,2024-03-16 08:14:33.377252,
104,6,579,424,1,Ь719ва198,Confirmed,Card,Pallets,159,0,2024-03-16 08:14:33.377252,
105,80,638,935,1,Ь719ва198,Confirmed,Card,Pallets,317,0,2024-03-16 08:14:33.378250,
106,98,727,841,1,Ь719ва198,Confirmed,Card,Pallets,1042,0,2024-03-16 08:14:33.378250,
107,95,294,628,1,Ь719ва198,Confirmed,Card,Pallets,1151,0,2024-03-16 08:14:33.378250,
108,73,637,252,1,Ь719ва198,Confirmed,Card,Pallets,1450,0,2024-03-16 08:14:33.378250,
109,46,945,322,1,Ь719ва198,Confirmed,Card,Pallets,104,0,2024-03-16 08:14:33.378250,
110,45,988,361,1,Ь719ва198,Confirmed,Card,Pallets,1184,0,2024-03-16 08:14:33.378250,
111,43,274,222,1,Ь719ва198,Confirmed,Card,Pallets,673,0,2024-03-16 08:14:33.378250,
112,59,921,545,1,Ь719ва198,Confirmed,Card,Pallets,317,0,2024-03-16 08:14:33.378250,
113,43,801,525,1,Ь719ва198,Confirmed,Card,Pallets,620,0,2024-03-16 08:14:33.378250,
114,55,105,826,1,Ь719ва198,Confirmed,Card,Pallets,566,0,2024-03-16 08:14:33.378250,
115,4,751,160,1,Ь719ва198,Confirmed,Card,Pallets,302,0,2024-03-16 08:14:33.378250,
116,8,466,602,1,Ь719ва198,Confirmed,Card,Pallets,231,0,2024-03-16 08:14:33.378250,
117,91,656,849,1,Ь719ва198,Confirmed,Card,Pallets,438,0,2024-03-16 08:14:33.378250,
118,25,858,951,1,Ь719ва198,Confirmed,Card,Pallets,288,0,2024-03-16 08:14:33.378250,
119,58,319,370,1,Ь719ва198,Confirmed,Card,Pallets,781,0,2024-03-16 08:14:33.378250,
120,1,614,157,1,Ь719ва198,Confirmed,Card,Pallets,485,0,2024-03-16 08:14:33.378250,
121,57,929,251,1,Ь719ва198,Confirmed,Card,Pallets,692,0,2024-03-16 08:14:33.378250,
122,62,315,673,1,Ь719ва198,Confirmed,Card,Pallets,1124,0,2024-03-16 08:14:33.378250,
123,39,169,499,1,Ь719ва198,Confirmed,Card,Pallets,925,0,2024-03-16 08:14:33.378250,
124,6,584,607,1,Ь719ва198,Confirmed,Card,Pallets,702,0,2024-03-16 08:14:33.378250,
125,97,364,655,1,Ь719ва198,Confirmed,Card,Pallets,282,0,2024-03-16 08:14:33.378250,
126,34,913,264,1,Ь719ва198,Confirmed,Card,Pallets,177,0,2024-03-16 08:14:33.378250,
127,70,454,577,1,Ь719ва198,Confirmed,Card,Pallets,269,0,2024-03-16 08:14:33.378250,
128,17,172,596,1,Ь719ва198,Confirmed,Card,Pallets,135,0,2024-03-16 08:14:33.378250,
129,55,61,626,1,Ь719ва198,Confirmed,Card,Pallets,300,0,2024-03-16 08:14:33.378250,
130,98,538,337,1,Ь719ва198,Confirmed,Card,Pallets,1054,0,2024-03-16 08:14:33.378250,
131,23,491,648,1,Ь719ва198,Confirmed,Card,Pallets,860,0,2024-03-16 08:14:33.378250,
132,26,125,697,1,Ь719ва198,Confirmed,Card,Pallets,760,0,2024-03-16 08:14:33.378250,
133,41,594,237,1,Ь719ва198,Confirmed,Card,Pallets,507,0,2024-03-16 08:14:33.378250,
134,42,132,593,1,Ь719ва198,Confirmed,Card,Pallets,895,0,2024-03-16 08:14:33.378250,
135,88,190,497,1,Ь719ва198,Confirmed,Card,Pallets,189,0,2024-03-16 08:14:33.378250,
136,61,856,19,1,Ь719ва198,Confirmed,Card,Pallets,879,0,2024-03-16 08:14:33.378250,
137,27,609,140,1,Ь719ва198,Confirmed,Card,Pallets,1247,0,2024-03-16 08:14:33.378250,
138,44,412,91,1,Ь719ва198,Confirmed,Card,Pallets,1235,0,2024-03-16 08:14:33.378250,
139,25,518,48,1,Ь719ва198,Confirmed,Card,Pallets,961,0,2024-03-16 08:14:33.378250,
140,40,732,962,1,Ь719ва198,Confirmed,Card,Pallets,538,0,2024-03-16 08:14:33.378250,
141,18,43,250,1,Ь719ва198,Confirmed,Card,Pallets,1088,0,2024-03-16 08:14:33.378250,
142,98,82,149,1,Ь719ва198,Confirmed,Card,Pallets,354,0,2024-03-16 08:14:33.378250,
143,68,158,674,1,Ь719ва198,Confirmed,Card,Pallets,346,0,2024-03-16 08:14:33.378250,
144,45,857,556,1,Ь719ва198,Confirmed,Card,Pallets,688,0,2024-03-16 08:14:33.378250,
145,34,34,974,1,Ь719ва198,Confirmed,Card,Pallets,902,0,2024-03-16 08:14:33.378250,
146,57,768,512,1,Ь719ва198,Confirmed,Card,Pallets,1209,0,2024-03-16 08:14:33.378250,
147,20,230,343,1,Ь719ва198,Confirmed,Card,Pallets,512,0,2024-03-16 08:14:33.378250,
148,19,145,610,1,Ь719ва198,Confirmed,Card,Pallets,622,0,2024-03-16 08:14:33.378250,
149,39,134,651,1,Ь719ва198,Confirmed,Card,Pallets,490,0,2024-03-16 08:14:33.378250,
150,21,530,773,1,Ь719ва198,Confirmed,Card,Pallets,1133,0,2024-03-16 08:14:33.378250,
151,40,886,543,1,Ь719ва198,Confirmed,Card,Pallets,319,0,2024-03-16 08:14:33.378250,
152,36,672,560,1,Ь719ва198,Confirmed,Card,Pallets,64,0,2024-03-16 08:14:33.378250,
153,55,604,794,1,Ь719ва198,Confirmed,Card,Pallets,660,0,2024-03-16 08:14:33.378250,
154,75,244,299,1,Ь719ва198,Confirmed,Card,Pallets,1040,0,2024-03-16 08:14:33.378250,
155,16,630,471,1,Ь719ва198,Confirmed,Card,Pallets,333,0,2024-03-16 08:14:33.378250,
156,81,221,233,1,Ь719ва198,Confirmed,Card,Pallets,359,0,2024-03-16 08:14:33.378250,
157,86,338,524,1,Ь719ва198,Confirmed,Card,Pallets,763,0,2024-03-16 08:14:33.378250,
158,31,640,725,1,Ь719ва198,Confirmed,Card,Pallets,265,0,2024-03-16 08:14:33.378250,
159,87,688,121,1,Ь719ва198,Confirmed,Card,Pallets,406,0,2024-03-16 08:14:33.378250,
160,59,790,306,1,Ь719ва198,Confirmed,Card,Pallets,221,0,2024-03-16 08:14:33.378250,
161,22,88,35,1,Ь719ва198,Confirmed,Card,Pallets,1001,0,2024-03-16 08:14:33.378250,
162,83,506,92,1,Ь719ва198,Confirmed,Card,Pallets,605,0,2024-03-16 08:14:33.378250,
163,80,930,536,1,Ь719ва198,Confirmed,Card,Pallets,1211,0,2024-03-16 08:14:33.378250,
164,9,966,908,1,Ь719ва198,Confirmed,Card,Pallets,1465,0,2024-03-16 08:14:33.378250,
165,25,191,802,1,Ь719ва198,Confirmed,Card,Pallets,876,0,2024-03-16 08:14:33.378250,
166,97,227,144,1,Ь719ва198,Confirmed,Card,Pallets,845,0,2024-03-16 08:14:33.378250,
167,51,548,311,1,Ь719ва198,Confirmed,Card,Pallets,1196,0,2024-03-16 08:14:33.378250,
168,93,100,660,1,Ь719ва198,Confirmed,Card,Pallets,1158,0,2024-03-16 08:14:33.378250,
169,14,336,948,1,Ь719ва198,Confirmed,Card,Pallets,1017,0,2024-03-16 08:14:33.378250,
170,32,444,976,1,Ь719ва198,Confirmed,Card,Pallets,107,0,2024-03-16 08:14:33.378250,
171,14,834,154,1,Ь719ва198,Confirmed,Card,Pallets,73,0,2024-03-16 08:14:33.378250,
172,5,161,80,1,Ь719ва198,Confirmed,Card,Pallets,1374,0,2024-03-16 08:14:33.378250,
173,58,312,767,1,Ь719ва198,Confirmed,Card,Pallets,245,0,2024-03-16 08:14:33.378250,
174,5,721,685,1,Ь719ва198,Confirmed,Card,Pallets,269,0,2024-03-16 08:14:33.379246,
175,26,752,950,1,Ь719ва198,Confirmed,Card,Pallets,659,0,2024-03-16 08:14:33.379246,
176,37,291,214,1,Ь719ва198,Confirmed,Card,Pallets,8,0,2024-03-16 08:14:33.379246,
177,15,71,946,1,Ь719ва198,Confirmed,Card,Pallets,325,0,2024-03-16 08:14:33.379246,
178,11,531,585,1,Ь719ва198,Confirmed,Card,Pallets,1204,0,2024-03-16 08:14:33.379246,
179,99,348,282,1,Ь719ва198,Confirmed,Card,Pallets,787,0,2024-03-16 08:14:33.379246,
180,59,528,446,1,Ь719ва198,Confirmed,Card,Pallets,770,0,2024-03-16 08:14:33.379246,
181,86,387,36,1,Ь719ва198,Confirmed,Card,Pallets,660,0,2024-03-16 08:14:33.379246,
182,80,10,898,1,Ь719ва198,Confirmed,Card,Pallets,411,0,2024-03-16 08:14:33.379246,
183,87,402,120,1,Ь719ва198,Confirmed,Card,Pallets,1008,0,2024-03-16 08:14:33.379246,
184,11,583,643,1,Ь719ва198,Confirmed,Card,Pallets,1006,0,2024-03-16 08:14:33.379246,
185,13,192,845,1,Ь719ва198,Confirmed,Card,Pallets,517,0,2024-03-16 08:14:33.379246,
186,23,690,571,1,Ь719ва198,Confirmed,Card,Pallets,930,0,2024-03-16 08:14:33.379246,
187,49,87,423,1,Ь719ва198,Confirmed,Card,Pallets,174,0,2024-03-16 08:14:33.379246,
188,17,461,40,1,Ь719ва198,Confirmed,Card,Pallets,797,0,2024-03-16 08:14:33.379246,
189,5,842,730,1,Ь719ва198,Confirmed,Card,Pallets,444,0,2024-03-16 08:14:33.379246,
190,91,229,808,1,Ь719ва198,Confirmed,Card,Pallets,220,0,2024-03-16 08:14:33.379246,
191,20,884,740,1,Ь719ва198,Confirmed,Card,Pallets,198,0,2024-03-16 08:14:33.379246,
192,41,265,37,1,Ь719ва198,Confirmed,Card,Pallets,182,0,2024-03-16 08:14:33.379246,
193,35,385,818,1,Ь719ва198,Confirmed,Card,Pallets,191,0,2024-03-16 08:14:33.379246,
194,98,453,639,1,Ь719ва198,Confirmed,Card,Pallets,382,0,2024-03-16 08:14:33.379246,
195,38,366,66,1,Ь719ва198,Confirmed,Card,Pallets,1153,0,2024-03-16 08:14:33.379246,
196,3,663,30,1,Ь719ва198,Confirmed,Card,Pallets,878,0,2024-03-16 08:14:33.379246,
197,4,108,445,1,Ь719ва198,Confirmed,Card,Pallets,1161,0,2024-03-16 08:14:33.379246,
198,6,170,970,1,Ь719ва198,Confirmed,Card,Pallets,819,0,2024-03-16 08:14:33.379246,
199,97,681,569,1,Ь719ва198,Confirmed,Card,Pallets,444,0,2024-03-16 08:14:33.379246,
200,83,49,184,1,Ь719ва198,Confirmed,Card,Pallets,1011,0,2024-03-16 08:14:33.379246,
201,59,615,53,1,Ь719ва198,Confirmed,Card,Pallets,1153,0,2024-03-16 08:14:33.379246,
202,93,960,735,1,Ь719ва198,Confirmed,Card,Pallets,1496,0,2024-03-16 08:14:33.379246,
203,98,843,983,1,Ь719ва198,Confirmed,Card,Pallets,1081,0,2024-03-16 08:14:33.379246,
204,95,4,758,1,Ь719ва198,Confirmed,Card,Pallets,1075,0,2024-03-16 08:14:33.379246,
205,32,926,178,1,Ь719ва198,Confirmed,Card,Pallets,503,0,2024-03-16 08:14:33.379246,
206,29,330,684,1,Ь719ва198,Confirmed,Card,Pallets,110,0,2024-03-16 08:14:33.379246,
207,42,241,351,1,Ь719ва198,Confirmed,Card,Pallets,831,0,2024-03-16 08:14:33.379246,
208,66,220,6,1,Ь719ва198,Confirmed,Card,Pallets,440,0,2024-03-16 08:14:33.379246,
209,45,217,110,1,Ь719ва198,Confirmed,Card,Pallets,607,0,2024-03-16 08:14:33.379246,
210,32,498,107,1,Ь719ва198,Confirmed,Card,Pallets,1325,0,2024-03-16 08:14:33.379246,
211,68,809,26,1,Ь719ва198,Confirmed,Card,Pallets,701,0,2024-03-16 08:14:33.379246,
212,2,414,850,1,Ь719ва198,Confirmed,Card,Pallets,1079,0,2024-03-16 08:14:33.379246,
213,5,590,486,1,Ь719ва198,Confirmed,Card,Pallets,1407,0,2024-03-16 08:14:33.379246,
214,79,115,259,1,Ь719ва198,Confirmed,Card,Pallets,1095,0,2024-03-16 08:14:33.379246,
215,70,646,881,1,Ь719ва198,Confirmed,Card,Pallets,801,0,2024-03-16 08:14:33.379246,
216,73,64,713,1,Ь719ва198,Confirmed,Card,Pallets,832,0,2024-03-16 08:14:33.379246,
217,56,743,38,1,Ь719ва198,Confirmed,Card,Pallets,230,0,2024-03-16 08:14:33.379246,
218,53,352,200,1,Ь719ва198,Confirmed,Card,Pallets,59,0,2024-03-16 08:14:33.379246,
219,80,404,618,1,Ь719ва198,Confirmed,Card,Pallets,359,0,2024-03-16 08:14:33.379246,
220,36,54,928,1,Ь719ва198,Confirmed,Card,Pallets,1121,0,2024-03-16 08:14:33.379246,
221,61,617,416,1,Ь719ва198,Confirmed,Card,Pallets,523,0,2024-03-16 08:14:33.379246,
222,48,452,776,1,Ь719ва198,Confirmed,Card,Pallets,811,0,2024-03-16 08:14:33.379246,
223,97,255,675,1,Ь719ва198,Confirmed,Card,Pallets,1288,0,2024-03-16 08:14:33.379246,
224,38,39,305,1,Ь719ва198,Confirmed,Card,Pallets,915,0,2024-03-16 08:14:33.379246,
225,91,388,829,1,Ь719ва198,Confirmed,Card,Pallets,634,0,2024-03-16 08:14:33.379246,
226,52,677,603,1,Ь719ва198,Confirmed,Card,Pallets,542,0,2024-03-16 08:14:33.379246,
227,48,694,72,1,Ь719ва198,Confirmed,Card,Pallets,98,0,2024-03-16 08:14:33.379246,
228,23,329,575,1,Ь719ва198,Confirmed,Card,Pallets,756,0,2024-03-16 08:14:33.379246,
229,72,873,815,1,Ь719ва198,Confirmed,Card,Pallets,385,0,2024-03-16 08:14:33.379246,
230,54,347,670,1,Ь719ва198,Confirmed,Card,Pallets,1367,0,2024-03-16 08:14:33.379246,
231,74,514,830,1,Ь719ва198,Confirmed,Card,Pallets,1100,0,2024-03-16 08:14:33.379246,
232,39,15,480,1,Ь719ва198,Confirmed,Card,Pallets,363,0,2024-03-16 08:14:33.379246,
233,39,696,589,1,Ь719ва198,Confirmed,Card,Pallets,918,0,2024-03-16 08:14:33.379246,
234,67,753,285,1,Ь719ва198,Confirmed,Card,Pallets,740,0,2024-03-16 08:14:33.379246,
235,58,745,848,1,Ь719ва198,Confirmed,Card,Pallets,1412,0,2024-03-16 08:14:33.379246,
236,75,85,907,1,Ь719ва198,Confirmed,Card,Pallets,705,0,2024-03-16 08:14:33.379246,
237,13,278,508,1,Ь719ва198,Confirmed,Card,Pallets,462,0,2024-03-16 08:14:33.379246,
238,22,487,516,1,Ь719ва198,Confirmed,Card,Pallets,651,0,2024-03-16 08:14:33.379246,
239,81,978,701,1,Ь719ва198,Confirmed,Card,Pallets,662,0,2024-03-16 08:14:33.379246,
240,97,67,763,1,Ь719ва198,Confirmed,Card,Pallets,1111,0,2024-03-16 08:14:33.379246,
241,87,81,152,1,Ь719ва198,Confirmed,Card,Pallets,249,0,2024-03-16 08:14:33.379246,
242,79,563,276,1,Ь719ва198,Confirmed,Card,Pallets,324,0,2024-03-16 08:14:33.379246,
243,27,625,544,1,Ь719ва198,Confirmed,Card,Pallets,273,0,2024-03-16 08:14:33.379246,
244,12,295,298,1,Ь719ва198,Confirmed,Card,Pallets,314,0,2024-03-16 08:14:33.379246,
245,6,507,761,1,Ь719ва198,Confirmed,Card,Pallets,486,0,2024-03-16 08:14:33.380244,
246,35,112,60,1,Ь719ва198,Confirmed,Card,Pallets,863,0,2024-03-16 08:14:33.380244,
247,18,73,819,1,Ь719ва198,Confirmed,Card,Pallets,936,0,2024-03-16 08:14:33.380244,
248,99,194,478,1,Ь719ва198,Confirmed,Card,Pallets,590,0,2024-03-16 08:14:33.380244,
249,73,432,882,1,Ь719ва198,Confirmed,Card,Pallets,520,0,2024-03-16 08:14:33.380244,
250,75,141,724,1,Ь719ва198,Confirmed,Card,Pallets,778,0,2024-03-16 08:14:33.380244,
251,79,42,570,1,Ь719ва198,Confirmed,Card,Pallets,1448,0,2024-03-16 08:14:33.380244,
252,26,549,714,1,Ь719ва198,Confirmed,Card,Pallets,236,0,2024-03-16 08:14:33.380244,
253,68,523,738,1,Ь719ва198,Confirmed,Card,Pallets,561,0,2024-03-16 08:14:33.380244,
254,58,517,529,1,Ь719ва198,Confirmed,Card,Pallets,580,0,2024-03-16 08:14:33.380244,
255,98,84,263,1,Ь719ва198,Confirmed,Card,Pallets,292,0,2024-03-16 08:14:33.380244,
256,46,123,900,1,Ь719ва198,Confirmed,Card,Pallets,706,0,2024-03-16 08:14:33.380244,
257,4,595,853,1,Ь719ва198,Confirmed,Card,Pallets,1338,0,2024-03-16 08:14:33.380244,
258,20,923,156,1,Ь719ва198,Confirmed,Card,Pallets,1373,0,2024-03-16 08:14:33.380244,
259,56,209,201,1,Ь719ва198,Confirmed,Card,Pallets,805,0,2024-03-16 08:14:33.380244,
260,10,75,796,1,Ь719ва198,Confirmed,Card,Pallets,79,0,2024-03-16 08:14:33.380244,
261,79,76,598,1,Ь719ва198,Confirmed,Card,Pallets,1493,0,2024-03-16 08:14:33.380244,
262,13,613,957,1,Ь719ва198,Confirmed,Card,Pallets,799,0,2024-03-16 08:14:33.380244,
263,26,749,389,1,Ь719ва198,Confirmed,Card,Pallets,757,0,2024-03-16 08:14:33.380244,
264,85,897,756,1,Ь719ва198,Confirmed,Card,Pallets,1247,0,2024-03-16 08:14:33.380244,
265,60,840,262,1,Ь719ва198,Confirmed,Card,Pallets,257,0,2024-03-16 08:14:33.380244,
266,85,137,912,1,Ь719ва198,Confirmed,Card,Pallets,815,0,2024-03-16 08:14:33.380244,
267,99,281,380,1,Ь719ва198,Confirmed,Card,Pallets,611,0,2024-03-16 08:14:33.380244,
268,44,654,248,1,Ь719ва198,Confirmed,Card,Pallets,937,0,2024-03-16 08:14:33.380244,
269,38,397,268,1,Ь719ва198,Confirmed,Card,Pallets,99,0,2024-03-16 08:14:33.380244,
270,59,586,547,1,Ь719ва198,Confirmed,Card,Pallets,785,0,2024-03-16 08:14:33.380244,
271,28,968,373,1,Ь719ва198,Confirmed,Card,Pallets,1392,0,2024-03-16 08:14:33.380244,
272,80,334,346,1,Ь719ва198,Confirmed,Card,Pallets,354,0,2024-03-16 08:14:33.380244,
273,35,868,718,1,Ь719ва198,Confirmed,Card,Pallets,1029,0,2024-03-16 08:14:33.380244,
274,58,119,820,1,Ь719ва198,Confirmed,Card,Pallets,1023,0,2024-03-16 08:14:33.380244,
275,4,392,349,1,Ь719ва198,Confirmed,Card,Pallets,438,0,2024-03-16 08:14:33.380244,
276,28,650,559,1,Ь719ва198,Confirmed,Card,Pallets,810,0,2024-03-16 08:14:33.380244,
277,15,502,989,1,Ь719ва198,Confirmed,Card,Pallets,572,0,2024-03-16 08:14:33.380244,
278,12,887,755,1,Ь719ва198,Confirmed,Card,Pallets,226,0,2024-03-16 08:14:33.380244,
279,41,354,769,1,Ь719ва198,Confirmed,Card,Pallets,343,0,2024-03-16 08:14:33.380244,
280,68,889,272,1,Ь719ва198,Confirmed,Card,Pallets,1432,0,2024-03-16 08:14:33.380244,
281,55,708,627,1,Ь719ва198,Confirmed,Card,Pallets,1122,0,2024-03-16 08:14:33.380244,
282,76,430,890,1,Ь719ва198,Confirmed,Card,Pallets,516,0,2024-03-16 08:14:33.380244,
283,11,86,462,1,Ь719ва198,Confirmed,Card,Pallets,1369,0,2024-03-16 08:14:33.380244,
284,15,795,460,1,Ь719ва198,Confirmed,Card,Pallets,1340,0,2024-03-16 08:14:33.380244,
285,12,546,838,1,Ь719ва198,Confirmed,Card,Pallets,932,0,2024-03-16 08:14:33.380244,
286,28,379,79,1,Ь719ва198,Confirmed,Card,Pallets,877,0,2024-03-16 08:14:33.380244,
287,65,669,1,1,Ь719ва198,Confirmed,Card,Pallets,1401,0,2024-03-16 08:14:33.380244,
288,27,717,359,1,Ь719ва198,Confirmed,Card,Pallets,889,0,2024-03-16 08:14:33.380244,
289,96,875,693,1,Ь719ва198,Confirmed,Card,Pallets,289,0,2024-03-16 08:14:33.380244,
290,3,695,947,1,Ь719ва198,Confirmed,Card,Pallets,1297,0,2024-03-16 08:14:33.380244,
291,97,55,620,1,Ь719ва198,Confirmed,Card,Pallets,643,0,2024-03-16 08:14:33.380244,
292,48,591,95,1,Ь719ва198,Confirmed,Card,Pallets,1359,0,2024-03-16 08:14:33.380244,
293,81,869,813,1,Ь719ва198,Confirmed,Card,Pallets,707,0,2024-03-16 08:14:33.380244,
294,12,186,101,1,Ь719ва198,Confirmed,Card,Pallets,981,0,2024-03-16 08:14:33.380244,
295,39,127,578,1,Ь719ва198,Confirmed,Card,Pallets,563,0,2024-03-16 08:14:33.380244,
296,75,623,588,1,Ь719ва198,Confirmed,Card,Pallets,1136,0,2024-03-16 08:14:33.380244,
297,14,932,731,1,Ь719ва198,Confirmed,Card,Pallets,438,0,2024-03-16 08:14:33.380244,
298,5,189,806,1,Ь719ва198,Confirmed,Card,Pallets,849,0,2024-03-16 08:14:33.380244,
299,4,175,975,1,Ь719ва198,Confirmed,Card,Pallets,922,0,2024-03-16 08:14:33.380244,
300,16,468,741,1,Ь719ва198,Confirmed,Card,Pallets,20,0,2024-03-16 08:14:33.380244,
301,66,52,599,1,Ь719ва198,Confirmed,Card,Pallets,1271,0,2024-03-16 08:14:33.380244,
302,25,419,719,1,Ь719ва198,Confirmed,Card,Pallets,367,0,2024-03-16 08:14:33.380244,
303,94,333,782,1,Ь719ва198,Confirmed,Card,Pallets,141,0,2024-03-16 08:14:33.380244,
304,24,597,877,1,Ь719ва198,Confirmed,Card,Pallets,1223,0,2024-03-16 08:14:33.380244,
305,77,355,260,1,Ь719ва198,Confirmed,Card,Pallets,594,0,2024-03-16 08:14:33.380244,
306,82,126,872,1,Ь719ва198,Confirmed,Card,Pallets,768,0,2024-03-16 08:14:33.380244,
307,21,246,641,1,Ь719ва198,Confirmed,Card,Pallets,561,0,2024-03-16 08:14:33.380244,
308,55,933,814,1,Ь719ва198,Confirmed,Card,Pallets,522,0,2024-03-16 08:14:33.380244,
309,66,304,985,1,Ь719ва198,Confirmed,Card,Pallets,818,0,2024-03-16 08:14:33.380244,
310,52,29,436,1,Ь719ва198,Confirmed,Card,Pallets,1001,0,2024-03-16 08:14:33.380244,
311,44,102,519,1,Ь719ва198,Confirmed,Card,Pallets,992,0,2024-03-16 08:14:33.380244,
312,95,965,778,1,Ь719ва198,Confirmed,Card,Pallets,1226,0,2024-03-16 08:14:33.380244,
313,82,428,691,1,Ь719ва198,Confirmed,Card,Pallets,873,0,2024-03-16 08:14:33.380244,
314,47,934,504,1,Ь719ва198,Confirmed,Card,Pallets,455,0,2024-03-16 08:14:33.380244,
315,4,485,709,1,Ь719ва198,Confirmed,Card,Pallets,693,0,2024-03-16 08:14:33.380244,
316,28,500,367,1,Ь719ва198,Confirmed,Card,Pallets,844,0,2024-03-16 08:14:33.380244,
317,24,526,24,1,Ь719ва198,Confirmed,Card,Pallets,64,0,2024-03-16 08:14:33.380244,
318,52,980,356,1,Ь719ва198,Confirmed,Card,Pallets,221,0,2024-03-16 08:14:33.380244,
319,27,235,653,1,Ь719ва198,Confirmed,Card,Pallets,797,0,2024-03-16 08:14:33.381241,
320,51,539,65,1,Ь719ва198,Confirmed,Card,Pallets,927,0,2024-03-16 08:14:33.381241,
321,87,780,864,1,Ь719ва198,Confirmed,Card,Pallets,478,0,2024-03-16 08:14:33.381241,
322,64,833,302,1,Ь719ва198,Confirmed,Card,Pallets,989,0,2024-03-16 08:14:33.381241,
323,18,168,716,1,Ь719ва198,Confirmed,Card,Pallets,141,0,2024-03-16 08:14:33.381241,
324,53,368,661,1,Ь719ва198,Confirmed,Card,Pallets,258,0,2024-03-16 08:14:33.381241,
325,62,658,332,1,Ь719ва198,Confirmed,Card,Pallets,566,0,2024-03-16 08:14:33.381241,
326,39,185,479,1,Ь719ва198,Confirmed,Card,Pallets,362,0,2024-03-16 08:14:33.381241,
327,84,568,56,1,Ь719ва198,Confirmed,Card,Pallets,310,0,2024-03-16 08:14:33.381241,
328,73,567,659,1,Ь719ва198,Confirmed,Card,Pallets,682,0,2024-03-16 08:14:33.381241,
329,48,202,476,1,Ь719ва198,Confirmed,Card,Pallets,917,0,2024-03-16 08:14:33.381241,
330,93,987,600,1,Ь719ва198,Confirmed,Card,Pallets,629,0,2024-03-16 08:14:33.381241,
331,11,243,894,1,Ь719ва198,Confirmed,Card,Pallets,1497,0,2024-03-16 08:14:33.381241,
332,100,150,284,1,Ь719ва198,Confirmed,Card,Pallets,790,0,2024-03-16 08:14:33.381241,
333,3,234,973,1,Ь719ва198,Confirmed,Card,Pallets,443,0,2024-03-16 08:14:33.381241,
334,85,317,668,1,Ь719ва198,Confirmed,Card,Pallets,515,0,2024-03-16 08:14:33.381241,
335,34,892,99,1,Ь719ва198,Confirmed,Card,Pallets,749,0,2024-03-16 08:14:33.381241,
336,63,267,271,1,Ь719ва198,Confirmed,Card,Pallets,1163,0,2024-03-16 08:14:33.381241,
337,23,0,58,1,Ь719ва198,Confirmed,Card,Pallets,458,0,2024-03-16 08:14:33.381241,
338,66,804,493,1,Ь719ва198,Confirmed,Card,Pallets,194,0,2024-03-16 08:14:33.381241,
339,9,390,440,1,Ь719ва198,Confirmed,Card,Pallets,1231,0,2024-03-16 08:14:33.381241,
340,94,748,812,1,Ь719ва198,Confirmed,Card,Pallets,299,0,2024-03-16 08:14:33.381241,
341,6,9,151,1,Ь719ва198,Confirmed,Card,Pallets,176,0,2024-03-16 08:14:33.381241,
342,86,394,27,1,Ь719ва198,Confirmed,Card,Pallets,471,0,2024-03-16 08:14:33.381241,
343,45,903,823,1,Ь719ва198,Confirmed,Card,Pallets,762,0,2024-03-16 08:14:33.381241,
344,26,631,982,1,Ь719ва198,Confirmed,Card,Pallets,454,0,2024-03-16 08:14:33.381241,
345,60,341,687,1,Ь719ва198,Confirmed,Card,Pallets,883,0,2024-03-16 08:14:33.381241,
346,23,937,759,1,Ь719ва198,Confirmed,Card,Pallets,989,0,2024-03-16 08:14:33.381241,
347,75,303,592,1,Ь719ва198,Confirmed,Card,Pallets,1274,0,2024-03-16 08:14:33.381241,
348,100,308,924,1,Ь719ва198,Confirmed,Card,Pallets,469,0,2024-03-16 08:14:33.381241,
349,24,275,501,1,Ь719ва198,Confirmed,Card,Pallets,1107,0,2024-03-16 08:14:33.381241,
350,32,647,494,1,Ь719ва198,Confirmed,Card,Pallets,776,0,2024-03-16 08:14:33.381241,
351,73,490,249,1,Ь719ва198,Confirmed,Card,Pallets,503,0,2024-03-16 08:14:33.381241,
352,69,473,257,1,Ь719ва198,Confirmed,Card,Pallets,1321,0,2024-03-16 08:14:33.381241,
353,69,652,417,1,Ь719ва198,Confirmed,Card,Pallets,1066,0,2024-03-16 08:14:33.381241,
354,38,700,828,1,Ь719ва198,Confirmed,Card,Pallets,1104,0,2024-03-16 08:14:33.381241,
355,93,371,292,1,Ь719ва198,Confirmed,Card,Pallets,1092,0,2024-03-16 08:14:33.381241,
356,18,342,919,1,Ь719ва198,Confirmed,Card,Pallets,51,0,2024-03-16 08:14:33.381241,
357,6,187,293,1,Ь719ва198,Confirmed,Card,Pallets,272,0,2024-03-16 08:14:33.381241,
358,32,698,14,1,Ь719ва198,Confirmed,Card,Pallets,315,0,2024-03-16 08:14:33.381241,
359,5,632,283,1,Ь719ва198,Confirmed,Card,Pallets,1374,0,2024-03-16 08:14:33.381241,
360,48,396,766,1,Ь719ва198,Confirmed,Card,Pallets,1006,0,2024-03-16 08:14:33.381241,
361,47,261,495,1,Ь719ва198,Confirmed,Card,Pallets,694,0,2024-03-16 08:14:33.381241,
362,62,622,535,1,Ь719ва198,Confirmed,Card,Pallets,888,0,2024-03-16 08:14:33.381241,
363,12,822,629,1,Ь719ва198,Confirmed,Card,Pallets,282,0,2024-03-16 08:14:33.381241,
364,1,269,728,1,Ь719ва198,Confirmed,Card,Pallets,421,0,2024-03-16 08:14:33.381241,
365,90,316,247,1,Ь719ва198,Confirmed,Card,Pallets,785,0,2024-03-16 08:14:33.381241,
366,87,427,624,1,Ь719ва198,Confirmed,Card,Pallets,1271,0,2024-03-16 08:14:33.381241,
367,56,689,321,1,Ь719ва198,Confirmed,Card,Pallets,1163,0,2024-03-16 08:14:33.381241,
368,43,406,45,1,Ь719ва198,Confirmed,Card,Pallets,499,0,2024-03-16 08:14:33.381241,
369,42,956,576,1,Ь719ва198,Confirmed,Card,Pallets,351,0,2024-03-16 08:14:33.381241,
370,74,318,166,1,Ь719ва198,Confirmed,Card,Pallets,152,0,2024-03-16 08:14:33.381241,
371,77,664,57,1,Ь719ва198,Confirmed,Card,Pallets,48,0,2024-03-16 08:14:33.381241,
372,40,363,800,1,Ь719ва198,Confirmed,Card,Pallets,1443,0,2024-03-16 08:14:33.381241,
373,17,810,362,1,Ь719ва198,Confirmed,Card,Pallets,1172,0,2024-03-16 08:14:33.381241,
374,11,340,17,1,Ь719ва198,Confirmed,Card,Pallets,746,0,2024-03-16 08:14:33.381241,
375,96,393,273,1,Ь719ва198,Confirmed,Card,Pallets,1365,0,2024-03-16 08:14:33.381241,
376,47,942,448,1,Ь719ва198,Confirmed,Card,Pallets,863,0,2024-03-16 08:14:33.381241,
377,47,861,871,1,Ь719ва198,Confirmed,Card,Pallets,615,0,2024-03-16 08:14:33.381241,
378,34,742,177,1,Ь719ва198,Confirmed,Card,Pallets,1374,0,2024-03-16 08:14:33.381241,
379,11,949,896,1,Ь719ва198,Confirmed,Card,Pallets,366,0,2024-03-16 08:14:33.381241,
380,28,779,301,1,Ь719ва198,Confirmed,Card,Pallets,1386,0,2024-03-16 08:14:33.381241,
381,38,606,403,1,Ь719ва198,Confirmed,Card,Pallets,767,0,2024-03-16 08:14:33.381241,
382,11,936,874,1,Ь719ва198,Confirmed,Card,Pallets,508,0,2024-03-16 08:14:33.381241,
383,56,715,883,1,Ь719ва198,Confirmed,Card,Pallets,492,0,2024-03-16 08:14:33.381241,
384,25,70,879,1,Ь719ва198,Confirmed,Card,Pallets,1311,0,2024-03-16 08:14:33.381241,
385,22,737,692,1,Ь719ва198,Confirmed,Card,Pallets,755,0,2024-03-16 08:14:33.381241,
386,47,621,772,1,Ь719ва198,Confirmed,Card,Pallets,1339,0,2024-03-16 08:14:33.381241,
387,47,20,954,1,Ь719ва198,Confirmed,Card,Pallets,530,0,2024-03-16 08:14:33.381241,
388,2,47,807,1,Ь719ва198,Confirmed,Card,Pallets,1241,0,2024-03-16 08:14:33.381241,
389,41,762,176,1,Ь719ва198,Confirmed,Card,Pallets,321,0,2024-03-16 08:14:33.381241,
390,63,164,885,1,Ь719ва198,Confirmed,Card,Pallets,411,0,2024-03-16 08:14:33.381241,
391,27,734,905,1,Ь719ва198,Confirmed,Card,Pallets,181,0,2024-03-16 08:14:33.381241,
392,44,236,104,1,Ь719ва198,Confirmed,Card,Pallets,507,0,2024-03-16 08:14:33.381241,
393,83,765,188,1,Ь719ва198,Confirmed,Card,Pallets,525,0,2024-03-16 08:14:33.381241,
394,77,218,941,1,Ь719ва198,Confirmed,Card,Pallets,590,0,2024-03-16 08:14:33.381241,
395,91,443,458,1,Ь719ва198,Confirmed,Card,Pallets,1126,0,2024-03-16 08:14:33.381241,
396,71,891,372,1,Ь719ва198,Confirmed,Card,Pallets,979,0,2024-03-16 08:14:33.381241,
397,85,328,787,1,Ь719ва198,Confirmed,Card,Pallets,1080,0,2024-03-16 08:14:33.381241,
398,77,18,395,1,Ь719ва198,Confirmed,Card,Pallets,1384,0,2024-03-16 08:14:33.381241,
399,1,666,906,1,Ь719ва198,Confirmed,Card,Pallets,1468,0,2024-03-16 08:14:33.381241,
400,54,131,139,1,Ь719ва198,Confirmed,Card,Pallets,1115,0,2024-03-16 08:14:33.381241,
401,41,540,633,1,Ь719ва198,Confirmed,Card,Pallets,1303,0,2024-03-16 08:14:33.381241,
402,84,266,210,1,Ь719ва198,Confirmed,Card,Pallets,169,0,2024-03-16 08:14:33.381241,
403,71,441,199,1,Ь719ва198,Confirmed,Card,Pallets,999,0,2024-03-16 08:14:33.381241,
404,21,944,117,1,Ь719ва198,Confirmed,Card,Pallets,1494,0,2024-03-16 08:14:33.381241,
405,70,803,133,1,Ь719ва198,Confirmed,Card,Pallets,739,0,2024-03-16 08:14:33.381241,
406,8,429,893,1,Ь719ва198,Confirmed,Card,Pallets,425,0,2024-03-16 08:14:33.381241,
407,83,619,296,1,Ь719ва198,Confirmed,Card,Pallets,589,0,2024-03-16 08:14:33.381241,
408,6,129,616,1,Ь719ва198,Confirmed,Card,Pallets,680,0,2024-03-16 08:14:33.381241,
409,64,837,509,1,Ь719ва198,Confirmed,Card,Pallets,477,0,2024-03-16 08:14:33.381241,
410,25,212,205,1,Ь719ва198,Confirmed,Card,Pallets,842,0,2024-03-16 08:14:33.381241,
411,41,746,573,1,Ь719ва198,Confirmed,Card,Pallets,289,0,2024-03-16 08:14:33.381241,
412,85,116,8,1,Ь719ва198,Confirmed,Card,Pallets,42,0,2024-03-16 08:14:33.381241,
413,19,561,114,1,Ь719ва198,Confirmed,Card,Pallets,1314,0,2024-03-16 08:14:33.381241,
414,72,437,377,1,Ь719ва198,Confirmed,Card,Pallets,553,0,2024-03-16 08:14:33.381241,
415,34,527,744,1,Ь719ва198,Confirmed,Card,Pallets,416,0,2024-03-16 08:14:33.381241,
416,75,375,204,1,Ь719ва198,Confirmed,Card,Pallets,1100,0,2024-03-16 08:14:33.381241,
417,74,232,707,1,Ь719ва198,Confirmed,Card,Pallets,550,0,2024-03-16 08:14:33.381241,
418,60,106,963,1,Ь719ва198,Confirmed,Card,Pallets,995,0,2024-03-16 08:14:33.381241,
419,62,435,90,1,Ь719ва198,Confirmed,Card,Pallets,504,0,2024-03-16 08:14:33.381241,
420,60,118,277,1,Ь719ва198,Confirmed,Card,Pallets,621,0,2024-03-16 08:14:33.381241,
421,9,83,93,1,Ь719ва198,Confirmed,Card,Pallets,1004,0,2024-03-16 08:14:33.381241,
422,83,711,413,1,Ь719ва198,Confirmed,Card,Pallets,707,0,2024-03-16 08:14:33.381241,
423,29,686,245,1,Ь719ва198,Confirmed,Card,Pallets,475,0,2024-03-16 08:14:33.382238,
424,33,634,532,1,Ь719ва198,Confirmed,Card,Pallets,549,0,2024-03-16 08:14:33.382238,
425,26,420,258,1,Ь719ва198,Confirmed,Card,Pallets,1226,0,2024-03-16 08:14:33.382238,
426,21,791,431,1,Ь719ва198,Confirmed,Card,Pallets,852,0,2024-03-16 08:14:33.382238,
427,77,581,636,1,Ь719ва198,Confirmed,Card,Pallets,372,0,2024-03-16 08:14:33.382238,
428,80,326,704,1,Ь719ва198,Confirmed,Card,Pallets,1342,0,2024-03-16 08:14:33.382238,
429,35,203,407,1,Ь719ва198,Confirmed,Card,Pallets,1301,0,2024-03-16 08:14:33.382238,
430,10,344,522,1,Ь719ва198,Confirmed,Card,Pallets,1243,0,2024-03-16 08:14:33.382238,
431,77,488,386,1,Ь719ва198,Confirmed,Card,Pallets,801,0,2024-03-16 08:14:33.382238,
432,80,63,376,1,Ь719ва198,Confirmed,Card,Pallets,8,0,2024-03-16 08:14:33.382238,
433,26,165,920,1,Ь719ва198,Confirmed,Card,Pallets,1076,0,2024-03-16 08:14:33.382238,
434,57,434,143,1,Ь719ва198,Confirmed,Card,Pallets,577,0,2024-03-16 08:14:33.382238,
435,98,910,739,1,Ь719ва198,Confirmed,Card,Pallets,530,0,2024-03-16 08:14:33.382238,
436,73,288,13,1,Ь719ва198,Confirmed,Card,Pallets,59,0,2024-03-16 08:14:33.382238,
437,66,979,426,1,Ь719ва198,Confirmed,Card,Pallets,1009,0,2024-03-16 08:14:33.382238,
438,99,754,558,1,Ь719ва198,Confirmed,Card,Pallets,1235,0,2024-03-16 08:14:33.382238,
439,13,521,279,1,Ь719ва198,Confirmed,Card,Pallets,355,0,2024-03-16 08:14:33.382238,
440,90,839,959,1,Ь719ва198,Confirmed,Card,Pallets,627,0,2024-03-16 08:14:33.382238,
441,87,400,383,1,Ь719ва198,Confirmed,Card,Pallets,1195,0,2024-03-16 08:14:33.382238,
442,37,534,511,1,Ь719ва198,Confirmed,Card,Pallets,1251,0,2024-03-16 08:14:33.382238,
443,53,211,469,1,Ь719ва198,Confirmed,Card,Pallets,112,0,2024-03-16 08:14:33.382238,
444,27,68,228,1,Ь719ва198,Confirmed,Card,Pallets,1316,0,2024-03-16 08:14:33.382238,
445,72,314,916,1,Ь719ва198,Confirmed,Card,Pallets,387,0,2024-03-16 08:14:33.382238,
446,38,287,438,1,Ь719ва198,Confirmed,Card,Pallets,135,0,2024-03-16 08:14:33.382238,
447,28,918,860,1,Ь719ва198,Confirmed,Card,Pallets,905,0,2024-03-16 08:14:33.382238,
448,95,180,183,1,Ь719ва198,Confirmed,Card,Pallets,1292,0,2024-03-16 08:14:33.382238,
449,58,799,484,1,Ь719ва198,Confirmed,Card,Pallets,1133,0,2024-03-16 08:14:33.382238,
450,22,895,421,1,Ь719ва198,Confirmed,Card,Pallets,606,0,2024-03-16 08:14:33.382238,
451,34,365,520,1,Ь719ва198,Confirmed,Card,Pallets,1359,0,2024-03-16 08:14:33.382238,
452,24,162,781,1,Ь719ва198,Confirmed,Card,Pallets,1348,0,2024-03-16 08:14:33.382238,
453,70,760,256,1,Ь719ва198,Confirmed,Card,Pallets,977,0,2024-03-16 08:14:33.382238,
454,64,789,410,1,Ь719ва198,Confirmed,Card,Pallets,122,0,2024-03-16 08:14:33.382238,
455,25,197,922,1,Ь719ва198,Confirmed,Card,Pallets,1164,0,2024-03-16 08:14:33.382238,
456,47,550,971,1,Ь719ва198,Confirmed,Card,Pallets,573,0,2024-03-16 08:14:33.382238,
457,45,852,320,1,Ь719ва198,Confirmed,Card,Pallets,859,0,2024-03-16 08:14:33.382238,
458,8,378,977,1,Ь719ва198,Confirmed,Card,Pallets,155,0,2024-03-16 08:14:33.382238,
459,32,481,456,1,Ь719ва198,Confirmed,Card,Pallets,1492,0,2024-03-16 08:14:33.382238,
460,72,213,904,1,Ь719ва198,Confirmed,Card,Pallets,177,0,2024-03-16 08:14:33.382238,
461,20,223,477,1,Ь719ва198,Confirmed,Card,Pallets,143,0,2024-03-16 08:14:33.382238,
462,83,783,381,1,Ь719ва198,Confirmed,Card,Pallets,672,0,2024-03-16 08:14:33.382238,
463,47,958,208,1,Ь719ва198,Confirmed,Card,Pallets,280,0,2024-03-16 08:14:33.382238,
464,8,195,198,1,Ь719ва198,Confirmed,Card,Pallets,1011,0,2024-03-16 08:14:33.382238,
465,58,309,408,1,Ь719ва198,Confirmed,Card,Pallets,787,0,2024-03-16 08:14:33.382238,
466,26,513,3,1,Ь719ва198,Confirmed,Card,Pallets,142,0,2024-03-16 08:14:33.382238,
467,98,215,788,1,Ь719ва198,Confirmed,Card,Pallets,562,0,2024-03-16 08:14:33.382238,
468,7,712,159,1,Ь719ва198,Confirmed,Card,Pallets,20,0,2024-03-16 08:14:33.382238,
469,2,551,953,1,Ь719ва198,Confirmed,Card,Pallets,460,0,2024-03-16 08:14:33.382238,
470,62,474,62,1,Ь719ва198,Confirmed,Card,Pallets,1011,0,2024-03-16 08:14:33.382238,
471,73,31,455,1,Ь719ва198,Confirmed,Card,Pallets,462,0,2024-03-16 08:14:33.382238,
472,71,96,459,1,Ь719ва198,Confirmed,Card,Pallets,1218,0,2024-03-16 08:14:33.382238,
473,88,824,821,1,Ь719ва198,Confirmed,Card,Pallets,206,0,2024-03-16 08:14:33.382238,
474,27,846,181,1,Ь719ва198,Confirmed,Card,Pallets,1289,0,2024-03-16 08:14:33.382238,
475,10,847,77,1,Ь719ва198,Confirmed,Card,Pallets,767,0,2024-03-16 08:14:33.382238,
476,55,206,331,1,Ь719ва198,Confirmed,Card,Pallets,152,0,2024-03-16 08:14:33.382238,
477,71,78,153,1,Ь719ва198,Confirmed,Card,Pallets,1166,0,2024-03-16 08:14:33.382238,
478,46,307,825,1,Ь719ва198,Confirmed,Card,Pallets,1389,0,2024-03-16 08:14:33.382238,
479,44,798,360,1,Ь719ва198,Confirmed,Card,Pallets,1354,0,2024-03-16 08:14:33.382238,
480,73,339,399,1,Ь719ва198,Confirmed,Card,Pallets,692,0,2024-03-16 08:14:33.382238,
481,52,899,450,1,Ь719ва198,Confirmed,Card,Pallets,1411,0,2024-03-16 08:14:33.382238,
482,24,682,23,1,Ь719ва198,Confirmed,Card,Pallets,1108,0,2024-03-16 08:14:33.382238,
483,28,771,611,1,Ь719ва198,Confirmed,Card,Pallets,443,0,2024-03-16 08:14:33.382238,
484,23,914,409,1,Ь719ва198,Confirmed,Card,Pallets,1183,0,2024-03-16 08:14:33.382238,
485,14,207,12,1,Ь719ва198,Confirmed,Card,Pallets,632,0,2024-03-16 08:14:33.382238,
486,43,676,940,1,Ь719ва198,Confirmed,Card,Pallets,1343,0,2024-03-16 08:14:33.382238,
487,35,805,792,1,Ь719ва198,Confirmed,Card,Pallets,1188,0,2024-03-16 08:14:33.382238,
488,91,41,155,1,Ь719ва198,Confirmed,Card,Pallets,1130,0,2024-03-16 08:14:33.382238,
489,95,553,442,1,Ь719ва198,Confirmed,Card,Pallets,832,0,2024-03-16 08:14:33.382238,
490,81,836,757,1,Ь719ва198,Confirmed,Card,Pallets,445,0,2024-03-16 08:14:33.382238,
491,93,451,774,1,Ь719ва198,Confirmed,Card,Pallets,178,0,2024-03-16 08:14:33.382238,
492,35,870,324,1,Ь719ва198,Confirmed,Card,Pallets,889,0,2024-03-16 08:14:33.382238,
493,77,747,122,1,Ь719ва198,Confirmed,Card,Pallets,1123,0,2024-03-16 08:14:33.382238,
494,67,612,939,1,Ь719ва198,Confirmed,Card,Pallets,649,0,2024-03-16 08:14:33.382238,